country,relocation_score
Norway,0.9531978683504188
Sweden,0.7645705035533675
Germany,0.53995479040848
United Kingdom,0.42670366507508734
Japan,0.3624623147696133
Spain,0.24078522937078997
Portugal,0.17663177655802126
Greece,0.15755946258455195
